{
  "peak": {
    "n": 772,
    "mae_bpm": 2.3274870466321245,
    "rmse_bpm": 6.81137474425947,
    "pct_within_5bpm": 89.76683937823834,
    "pct_within_3bpm": 85.36269430051814,
    "ba_bias_bpm": -1.7222538860103627,
    "ba_loa_lower": -14.638738272636187,
    "ba_loa_upper": 11.194230500615463,
    "pearson_r": 0.8843669408433098,
    "n_accepted": 794,
    "n_failed": 22,
    "failure_rate_pct": 2.770780856423174,
    "mae_bpm_ci95": [
      1.3249368249969022,
      3.609074342105262
    ],
    "rmse_bpm_ci95": [
      3.532410395872354,
      10.043140774449178
    ],
    "pct_within_5bpm_ci95": [
      82.63707571801567,
      95.53065134099616
    ],
    "pct_within_3bpm_ci95": [
      77.2724336387127,
      92.29831081247669
    ],
    "ba_bias_bpm_ci95": [
      -3.0571801175417552,
      -0.6891383630390595
    ],
    "ba_loa_lower_ci95": [
      -21.766796702311463,
      -7.505099114514948
    ],
    "ba_loa_upper_ci95": [
      6.0498534227701635,
      15.888450200299943
    ],
    "pearson_r_ci95": [
      0.7336823522862066,
      0.9687932571339491
    ]
  },
  "fft": {
    "n": 794,
    "mae_bpm": 1.7230478589420655,
    "rmse_bpm": 5.961835106219658,
    "pct_within_5bpm": 93.82871536523929,
    "pct_within_3bpm": 91.5617128463476,
    "ba_bias_bpm": -0.6705037783375314,
    "ba_loa_lower": -12.281564707867702,
    "ba_loa_upper": 10.940557151192639,
    "pearson_r": 0.9062193049456273,
    "n_accepted": 794,
    "n_failed": 0,
    "failure_rate_pct": 0.0,
    "mae_bpm_ci95": [
      1.0254158868399794,
      2.665933942701575
    ],
    "rmse_bpm_ci95": [
      2.9588220832063983,
      8.821092985221856
    ],
    "pct_within_5bpm_ci95": [
      89.15510718789407,
      97.48427672955975
    ],
    "pct_within_3bpm_ci95": [
      86.12862547288776,
      96.1006289308176
    ],
    "ba_bias_bpm_ci95": [
      -1.5055083102779034,
      -0.06541713083978894
    ],
    "ba_loa_lower_ci95": [
      -18.52515487803694,
      -5.912649995720068
    ],
    "ba_loa_upper_ci95": [
      5.6377492380069745,
      15.57606405706477
    ],
    "pearson_r_ci95": [
      0.7881998292016807,
      0.9761613602951289
    ]
  },
  "n_records": 53,
  "n_windows_total": 848,
  "window_s": 30.0,
  "fft_n": 256,
  "fft_decim": 8
}