{
  "estimable": {
    "n": 786,
    "mae_brpm": 3.0243765903307884,
    "rmse_brpm": 5.047015897106809,
    "pct_within_2brpm": 66.2849872773537,
    "pct_within_4brpm": 75.19083969465649,
    "ba_bias_brpm": -1.572315521628499,
    "ba_loa_lower": -10.972184820464006,
    "ba_loa_upper": 7.827553777207009,
    "pearson_r": 0.31670932819621866,
    "mae_bpm_ci95": [
      2.4040503181760715,
      3.693127913224692
    ],
    "rmse_bpm_ci95": [
      4.29536818558625,
      5.760692613323817
    ],
    "pct_within_5bpm_ci95": [
      71.29870129870129,
      84.1172516875294
    ],
    "pct_within_3bpm_ci95": [
      63.22418136020151,
      78.94736842105263
    ],
    "ba_bias_bpm_ci95": [
      -2.2658180881786674,
      -0.9376533376955726
    ],
    "ba_loa_lower_ci95": [
      -12.617508993368773,
      -9.199626776005045
    ],
    "ba_loa_upper_ci95": [
      6.878658486670444,
      8.673754287301035
    ],
    "pearson_r_ci95": [
      0.1508485479478647,
      0.4651798465080217
    ]
  },
  "accepted": {
    "n": 786,
    "mae_brpm": 3.0243765903307884,
    "rmse_brpm": 5.047015897106809,
    "pct_within_2brpm": 66.2849872773537,
    "pct_within_4brpm": 75.19083969465649,
    "ba_bias_brpm": -1.572315521628499,
    "ba_loa_lower": -10.972184820464006,
    "ba_loa_upper": 7.827553777207009,
    "pearson_r": 0.31670932819621866
  },
  "ungated": {
    "n": 839,
    "mae_brpm": 3.0473659117997616,
    "rmse_brpm": 5.053969562954035,
    "pct_within_2brpm": 65.79261025029798,
    "pct_within_4brpm": 74.85101311084624,
    "ba_bias_brpm": -1.5772824791418356,
    "ba_loa_lower": -10.98830127768163,
    "ba_loa_upper": 7.833736319397959,
    "pearson_r": 0.323949225045313
  },
  "n_records": 53,
  "n_windows_total": 848,
  "window_s": 30.0,
  "bootstrap_iter": 10000,
  "bootstrap_seed": 0,
  "rr_path": "BW only (v1.1; AM/FM/smart-fusion deferred to v1.2)"
}