{
  "estimable": {
    "n": 772,
    "mae_bpm": 2.3274870466321245,
    "rmse_bpm": 6.81137474425947,
    "pct_within_5bpm": 89.76683937823834,
    "pct_within_3bpm": 85.36269430051814,
    "ba_bias_bpm": -1.7222538860103627,
    "ba_loa_lower": -14.638738272636187,
    "ba_loa_upper": 11.194230500615463,
    "pearson_r": 0.8843669408433098,
    "mae_bpm_ci95": [
      1.3249368249969022,
      3.609074342105262
    ],
    "rmse_bpm_ci95": [
      3.532410395872354,
      10.043140774449178
    ],
    "pct_within_5bpm_ci95": [
      82.63707571801567,
      95.53065134099616
    ],
    "pct_within_3bpm_ci95": [
      77.2724336387127,
      92.29831081247669
    ],
    "ba_bias_bpm_ci95": [
      -3.0571801175417552,
      -0.6891383630390595
    ],
    "ba_loa_lower_ci95": [
      -21.766796702311463,
      -7.505099114514948
    ],
    "ba_loa_upper_ci95": [
      6.0498534227701635,
      15.888450200299943
    ],
    "pearson_r_ci95": [
      0.7336823522862066,
      0.9687932571339491
    ]
  },
  "accepted": {
    "n": 794,
    "mae_bpm": 4.916020151133501,
    "rmse_bpm": 17.486952876553453,
    "pct_within_5bpm": 87.27959697732997,
    "pct_within_3bpm": 82.99748110831234,
    "ba_bias_bpm": -4.327556675062971,
    "ba_loa_lower": -37.53586704914461,
    "ba_loa_upper": 28.88075369901867,
    "pearson_r": 0.5399334818086805
  },
  "ungated": {
    "n": 848,
    "mae_bpm": 4.921556603773586,
    "rmse_bpm": 17.380383637231905,
    "pct_within_5bpm": 87.14622641509435,
    "pct_within_3bpm": 83.01886792452831,
    "ba_bias_bpm": -4.310188679245283,
    "ba_loa_lower": -37.31160735015508,
    "ba_loa_upper": 28.69122999166451,
    "pearson_r": 0.5456332974162854
  },
  "failures": {
    "n_accepted": 794,
    "n_failed": 22,
    "failure_rate_pct": 2.770780856423174,
    "failed_ref_hr_min": 73.0,
    "failed_ref_hr_max": 126.0,
    "failed_ref_hr_median": 91.0
  },
  "n_records": 53,
  "n_windows_total": 848,
  "window_s": 30.0,
  "fir_taps": 101,
  "bootstrap_iter": 10000,
  "bootstrap_seed": 0
}