window_s,n_windows_total,n_estimable,mae_bpm,rmse_bpm,pct_within_3bpm,pct_within_5bpm,pearson_r,failure_rate_pct
8.0,180,162,0.9395679012345671,1.545856868144694,95.06172839506173,99.38271604938271,0.9777419228916381,0.0
15.0,96,87,1.3167816091954014,4.898215954838035,96.55172413793103,97.70114942528735,0.8025852445431558,0.0
30.0,48,45,0.7015555555555545,1.0029102097839502,97.77777777777777,100.0,0.9903419432835814,0.0
60.0,24,24,0.670833333333332,0.8626847628189558,100.0,100.0,0.9937550504132268,0.0
120.0,12,12,0.7216666666666663,0.854673426910341,100.0,100.0,0.9951586178732614,0.0
